{"loss": 230.25318908691406, "_timestamp": 1669923992.378606, "_runtime": 8.661380052566528, "_step": 72, "train/accuracy": 0.13, "_wandb": {"runtime": 8}}