{"loss": 209.95025634765625, "_timestamp": 1673864565.130257, "_runtime": 13.782314777374268, "_step": 7, "train/accuracy": 0.5, "validation/accuracy": 0.11, "learning_rate": 0.001, "_wandb": {"runtime": 15}}