{"loss": 230.25714111328125, "_timestamp": 1669925532.964714, "_runtime": 1.1895301342010498, "_step": 3, "train/accuracy": 0.13, "_wandb": {"runtime": 0}}