{"loss": 20.835693359375, "_timestamp": 1673900688.5204628, "_runtime": 30.37985372543335, "_step": 19, "train/accuracy": 0.987, "validation/accuracy": 0.987, "learning_rate": 0.001, "_wandb": {"runtime": 31}}