{"model/parameters": 1590438, "_timestamp": 1679176257.2575588, "_runtime": 1.9064757823944092, "_step": 0, "_wandb": {"runtime": 288}}