{"model/parameters": 1585690, "_timestamp": 1679179692.6827195, "_runtime": 2.2320973873138428, "_step": 0, "_wandb": {"runtime": 0}}