{"loss": 223.88092041015625, "_timestamp": 1669925766.834167, "_runtime": 87.59877490997314, "_step": 19, "train/accuracy": 0.13, "_wandb": {"runtime": 87}}