{"loss": 226.75991821289062, "_timestamp": 1673863204.5539148, "_runtime": 7.487888813018799, "_step": 0, "_wandb": {"runtime": 6}}