{"loss": 37.04920959472656, "_timestamp": 1673900719.6041477, "_runtime": 6.3544275760650635, "_step": 1, "train/accuracy": 0.966, "_wandb": {"runtime": 131}}