{"loss": 168.56784057617188, "_timestamp": 1673864670.8843954, "_runtime": 55.39152240753174, "_step": 35, "train/accuracy": 0.84, "validation/accuracy": 0.07, "learning_rate": 1e-05, "_wandb": {"runtime": 113}}