{"loss": 223.2947235107422, "_timestamp": 1669926011.11698, "_runtime": 87.35276508331299, "_step": 19, "train/accuracy": 0.13, "_wandb": {"runtime": 87}}