{"loss": 226.10189819335938, "_timestamp": 1669927711.466717, "_runtime": 102.60562992095947, "_step": 51, "train/accuracy": 0.13, "_wandb": {"runtime": 104}}