{"model/parameters": 1585690, "_timestamp": 1679178925.6096487, "_runtime": 2.065044641494751, "_step": 0, "_wandb": {"runtime": 0}}