{"loss": 439.65826416015625, "_timestamp": 1673864486.8734868, "_runtime": 18.12593674659729, "_step": 31, "train/accuracy": 0.32, "validation/accuracy": 0.13, "learning_rate": 1e-05, "_wandb": {"runtime": 23}}