{"loss": 221.68487548828125, "_timestamp": 1673863116.1363232, "_runtime": 7.416701316833496, "_step": 0, "_wandb": {"runtime": 83}}