{"loss": 230.26129150390625, "_timestamp": 1669924864.280724, "_runtime": 1.1518211364746094, "_step": 3, "train/accuracy": 0.13, "_wandb": {"runtime": 1}}