{"loss": 230.26449584960938, "_timestamp": 1669925124.904275, "_runtime": 1.1672749519348145, "_step": 3, "train/accuracy": 0.13, "_wandb": {"runtime": 0}}