{"loss": 236.11270141601562, "_timestamp": 1669956210.04062, "_runtime": 211.94435906410217, "_step": 47, "train/accuracy": 0.11, "validation/accuracy": 0.11, "learning_rate": 1e-05, "_wandb": {"runtime": 212}}