{"loss": 226.68186950683594, "_timestamp": 1669925642.2193458, "_runtime": 15.117102861404419, "_step": 19, "train/accuracy": 0.13, "_wandb": {"runtime": 14}}