{"model/parameters": 1585690, "_timestamp": 1679179560.3847106, "_runtime": 1.7379355430603027, "_step": 0, "_wandb": {"runtime": 21}}