{"model/parameters": 1585690, "_timestamp": 1679179234.2287128, "_runtime": 1.7142868041992188, "_step": 0, "_wandb": {"runtime": 86}}