{"model/parameters": 20842, "_timestamp": 1675629351.9272032, "_runtime": 2.159306287765503, "_step": 0, "_wandb": {"runtime": 145}}