{"model/parameters": 1590654, "_timestamp": 1679176924.9077742, "_runtime": 1.7405471801757812, "_step": 0, "_wandb": {"runtime": 1}}