{"loss": 215.58941650390625, "_timestamp": 1669928023.8633542, "_runtime": 6.582418203353882, "_step": 1, "train/accuracy": 0.38, "_wandb": {"runtime": 6}}