{"loss": 187.36129760742188, "_timestamp": 1669954976.28372, "_runtime": 59.314399003982544, "_step": 75, "train/accuracy": 0.53, "validation/accuracy": 0.53, "learning_rate": 0.001, "_wandb": {"runtime": 60}}