{"model/parameters": 20842, "_timestamp": 1675629505.1105316, "_runtime": 2.0303244590759277, "_step": 0, "_wandb": {"runtime": 0}}