{"loss": 230.26025390625, "_timestamp": 1669924619.445802, "_runtime": 1.3738839626312256, "_step": 1, "train/accuracy": 0.13, "_wandb": {"runtime": 1}}