{"model/parameters": 1585690, "_timestamp": 1679178954.8162084, "_runtime": 2.896540403366089, "_step": 0, "_wandb": {"runtime": 139}}