{"model/parameters": 1590666, "_timestamp": 1679176551.6885056, "_runtime": 1.725144624710083, "_step": 0, "_wandb": {"runtime": 0}}