{"loss": 230.2587127685547, "_timestamp": 1669925565.831712, "_runtime": 1.063002109527588, "_step": 3, "train/accuracy": 0.13, "_wandb": {"runtime": 0}}