{"model/parameters": 1585690, "_timestamp": 1679179415.4656007, "_runtime": 2.0491857528686523, "_step": 0, "_wandb": {"runtime": 0}}