{"model/parameters": 20842, "_timestamp": 1675631970.618333, "_runtime": 1.773902177810669, "_step": 0, "_wandb": {"runtime": 1385}}