{"model/parameters": 20842, "_timestamp": 1675629162.4928513, "_runtime": 9.283149242401123, "_step": 0, "_wandb": {"runtime": 8}}