{"model/parameters": 101770, "_timestamp": 1673977558.9664578, "_runtime": 8.152898788452148, "_step": 0}