{"loss": 168.3145751953125, "_timestamp": 1669955112.741099, "_runtime": 2.636237144470215, "_step": 199, "train/accuracy": 0.8, "validation/accuracy": 0.8, "learning_rate": 6.103515625e-08, "_wandb": {"runtime": 2}}