{"model/parameters": 1585690, "_timestamp": 1679179184.6803663, "_runtime": 2.5276801586151123, "_step": 0, "_wandb": {"runtime": 2}}