{"loss": 230.25791931152344, "_timestamp": 1669924091.007776, "_runtime": 13.866724014282227, "_step": 126, "train/accuracy": 0.13, "_wandb": {"runtime": 13}}