{"model/parameters": 1585690, "_timestamp": 1679178909.5341902, "_runtime": 1.7232921123504639, "_step": 0, "_wandb": {"runtime": 9}}