{"model/parameters": 20842, "_timestamp": 1675631227.2249243, "_runtime": 2.1963982582092285, "_step": 0, "_wandb": {"runtime": 0}}