{"model/parameters": 1585690, "_timestamp": 1679179101.7851086, "_runtime": 1.6877906322479248, "_step": 0, "_wandb": {"runtime": 0}}