{"loss": 230.2548370361328, "_timestamp": 1669925296.0539362, "_runtime": 0.9036543369293213, "_step": 3, "train/accuracy": 0.13, "_wandb": {"runtime": 0}}