{"model/parameters": 1585690, "_timestamp": 1679178690.1510596, "_runtime": 1.8088836669921875, "_step": 0, "_wandb": {"runtime": 30}}