{"loss": 230.25714111328125, "_timestamp": 1669925217.452821, "_runtime": 0.9504220485687256, "_step": 3, "train/accuracy": 0.13, "_wandb": {"runtime": 0}}