{"model/parameters": 1585690, "_timestamp": 1679179367.5434039, "_runtime": 1.7403149604797363, "_step": 0, "_wandb": {"runtime": 40}}