{"loss": 230.25607299804688, "_timestamp": 1669924433.699881, "_runtime": 10.335321187973022, "_step": 91, "train/accuracy": 0.13, "_wandb": {"runtime": 9}}