{"model/parameters": 1586278, "_timestamp": 1679178435.955424, "_runtime": 1.7310521602630615, "_step": 0, "_wandb": {"runtime": 184}}