{"model/parameters": 1585690, "_timestamp": 1679179589.312262, "_runtime": 2.400315046310425, "_step": 0, "_wandb": {"runtime": 0}}