{"loss": 230.25340270996094, "_timestamp": 1669924678.788671, "_runtime": 20.676314115524292, "_step": 106, "train/accuracy": 0.13, "_wandb": {"runtime": 22}}