{"model/parameters": 20842, "_timestamp": 1675631088.8789358, "_runtime": 2.0900447368621826, "_step": 0, "_wandb": {"runtime": 0}}