{"loss": 230.2603759765625, "_timestamp": 1669924843.5754418, "_runtime": 1.4743249416351318, "_step": 3, "train/accuracy": 0.13, "_wandb": {"runtime": 1}}