{"loss": 237.11500549316406, "_timestamp": 1669928259.240271, "_runtime": 81.41904997825623, "_step": 11, "train/accuracy": 0.1, "_wandb": {"runtime": 84}}