{"model/parameters": 1586278, "_timestamp": 1679177528.5948226, "_runtime": 1.7891225814819336, "_step": 0, "_wandb": {"runtime": 31}}