{"loss": 230.2567138671875, "_timestamp": 1669925588.3573172, "_runtime": 1.1600422859191895, "_step": 3, "train/accuracy": 0.13, "_wandb": {"runtime": 0}}