{"loss": 230.26168823242188, "_timestamp": 1669924877.95535, "_runtime": 1.044152021408081, "_step": 3, "train/accuracy": 0.13, "_wandb": {"runtime": 0}}