{"loss": 22.788015365600586, "_timestamp": 1673900633.2692919, "_runtime": 25.844191789627075, "_step": 27, "train/accuracy": 1.0, "validation/accuracy": 1.0, "learning_rate": 1e-05, "_wandb": {"runtime": 24}}