{"model/parameters": 101770, "_timestamp": 1673917328.238314, "_runtime": 3.1112329959869385, "_step": 0}