{"model/parameters": 1585690, "_timestamp": 1679178728.6076338, "_runtime": 2.1314117908477783, "_step": 0, "_wandb": {"runtime": 1}}