{"loss": 161.5553436279297, "_timestamp": 1673899458.902368, "_runtime": 267.33759212493896, "_step": 163, "train/accuracy": 0.9, "validation/accuracy": 0.8, "learning_rate": 1.0000000000000004e-08, "_wandb": {"runtime": 268}}