{"model/parameters": 1585690, "_timestamp": 1679178778.8266551, "_runtime": 1.7817840576171875, "_step": 0, "_wandb": {"runtime": 88}}