{"model/parameters": 1590438, "_timestamp": 1679176791.9988852, "_runtime": 1.689897060394287, "_step": 0, "_wandb": {"runtime": 126}}