{"model/parameters": 1591578, "_timestamp": 1679180386.9812994, "_runtime": 47.248005390167236, "_step": 1, "loss": 123.47801208496094, "_wandb": {"runtime": 72}}