{"loss": 225.63870239257812, "_timestamp": 1669927602.267427, "_runtime": 63.209744930267334, "_step": 27, "train/accuracy": 0.13, "_wandb": {"runtime": 64}}