{"model/parameters": 1585690, "_timestamp": 1679179667.9348054, "_runtime": 1.7092235088348389, "_step": 0, "_wandb": {"runtime": 17}}