{"model/parameters": 1586278, "_timestamp": 1679177566.2103617, "_runtime": 1.9172546863555908, "_step": 0, "_wandb": {"runtime": 0}}