{"loss": 161.7833709716797, "_timestamp": 1669955393.032104, "_runtime": 153.9900131225586, "_step": 199, "train/accuracy": 0.79, "validation/accuracy": 0.79, "learning_rate": 7.8125e-05, "_wandb": {"runtime": 153}}