{"model/parameters": 1585690, "_timestamp": 1679179327.1628978, "_runtime": 1.8500747680664062, "_step": 0, "_wandb": {"runtime": 0}}