{"loss": 206.68649291992188, "_timestamp": 1669928092.780902, "_runtime": 64.92015600204468, "_step": 25, "train/accuracy": 0.37, "_wandb": {"runtime": 64}}