{"model/parameters": 1585690, "_timestamp": 1679179789.5546014, "_runtime": 1.9138333797454834, "_step": 0, "_wandb": {"runtime": 464}}