{"model/parameters": 20842, "_timestamp": 1675629573.741816, "_runtime": 1.7000939846038818, "_step": 0, "_wandb": {"runtime": 663}}