{"loss": 230.25656127929688, "_timestamp": 1669923769.580086, "_runtime": 21.12357807159424, "_step": 199, "train/accuracy": 0.13, "_wandb": {"runtime": 20}}