{"model/parameters": 1585690, "_timestamp": 1679178875.592442, "_runtime": 1.7687129974365234, "_step": 0, "_wandb": {"runtime": 0}}