{"model/parameters": 1590654, "_timestamp": 1679177095.6660202, "_runtime": 1.7028090953826904, "_step": 0, "_wandb": {"runtime": 37}}