{"loss": 217.2903594970703, "_timestamp": 1673863059.8142724, "_runtime": 9.07911729812622, "_step": 0, "_wandb": {"runtime": 8}}