{"model/parameters": 1590654, "_timestamp": 1679177140.0771701, "_runtime": 1.7868242263793945, "_step": 0, "_wandb": {"runtime": 0}}