{"model/parameters": 20842, "_timestamp": 1675631195.7984848, "_runtime": 1.885375738143921, "_step": 0, "_wandb": {"runtime": 23}}