{"model/parameters": 1585690, "_timestamp": 1679179194.7517648, "_runtime": 1.7974567413330078, "_step": 0, "_wandb": {"runtime": 0}}