{"loss": 226.9248504638672, "_timestamp": 1669927051.2206552, "_runtime": 42.885117292404175, "_step": 19, "train/accuracy": 0.13, "_wandb": {"runtime": 42}}