{"loss": 221.59750366210938, "_timestamp": 1673863101.9913528, "_runtime": 9.280755758285522, "_step": 0, "_wandb": {"runtime": 8}}