{"loss": 224.0728759765625, "_timestamp": 1669926274.094916, "_runtime": 45.50691604614258, "_step": 19, "train/accuracy": 0.13, "_wandb": {"runtime": 45}}