{"model/parameters": 20842, "_timestamp": 1675630244.8838623, "_runtime": 1.7088582515716553, "_step": 0, "_wandb": {"runtime": 1}}