{"loss": 230.25885009765625, "_timestamp": 1669924499.4990878, "_runtime": 1.524183750152588, "_step": 3, "train/accuracy": 0.13}